name,country,url,teams,maps_played,rounds_played,kd_difference,kd_ratio,rating,total_kills,image_url
torzsi,Hungary,https://www.hltv.org/stats/players/18072/torzsi,"MOUZ,Budapest Five,MOUZ NXT,Salamander",463,12383,1963,1.26,1.17,9629,https://img-cdn.hltv.org/playerbodyshot/vXrIz7MNvxuNCR04WH139p.png?ixlib=java-2.1.0&w=400&s=51b5842a0405bef5d743850148ffd43c
yuurih,Brazil,https://www.hltv.org/stats/players/12553/yuurih,FURIA,1013,26421,3146,1.19,1.12,19975,https://img-cdn.hltv.org/playerbodyshot/_I8K7JaFgC64cefe16uV8p.png?ixlib=java-2.1.0&w=400&s=bb04aa3632418c3ed8a8b28c03e37f73
vsm,Brazil,https://www.hltv.org/stats/players/16816/vsm,"DETONA,00NATION",533,14130,1485,1.16,1.12,10883,https://img-cdn.hltv.org/playerbodyshot/ZQ7XFTNFq-hPoRU-Q-P3JP.png?ixlib=java-2.1.0&w=400&s=412c3f2c2b727d2c32395df4065ef723
syrsoN,Germany,https://www.hltv.org/stats/players/7266/syrson,"BIG,BIG,ALTERNATE aTTaX,Sprout",1735,46095,4647,1.16,1.09,33692,https://img-cdn.hltv.org/playerbodyshot/G3MPAUzFYwYxgMQiDQF5de.png?ixlib=java-2.1.0&w=400&s=d32633c0de1f1cf34d35ee214f638cc0
ZywOo,France,https://www.hltv.org/stats/players/11893/zywoo,"Vitality,aAa",1011,26577,6115,1.37,1.27,22439,https://img-cdn.hltv.org/playerbodyshot/OfWl-Y6zn3vN-3EddoAAxo.png?ixlib=java-2.1.0&w=400&s=25528ee0f2700ad596c2a7ea2027adfc
DANK1NG,China,https://www.hltv.org/stats/players/16207/dank1ng,"TYLOO,EHOME",390,10339,1597,1.24,1.16,8138,https://img-cdn.hltv.org/playerbodyshot/66Uk1PZdab4fVFuZu5QX5t.png?ixlib=java-2.1.0&w=400&s=46da41efa2bbf52e10af9f322d204f2c
KSCERATO,Brazil,https://www.hltv.org/stats/players/15631/kscerato,FURIA,921,23952,3745,1.27,1.14,17652,https://img-cdn.hltv.org/playerbodyshot/7UlnSQw1PMKkNuZjl16KSE.png?ixlib=java-2.1.0&w=400&s=11191d2ef2779a52d655eae7064c88fe
sh1ro,Russia,https://www.hltv.org/stats/players/16920/sh1ro,"Gambit Youngsters,Gambit",878,23298,5579,1.45,1.23,17976,https://img-cdn.hltv.org/playerbodyshot/Eyk16cFDkZ-a5F3b0Ex0Rj.png?ixlib=java-2.1.0&w=400&s=08540cdec6f55b1c9b99741fb91d65f1
degster,Russia,https://www.hltv.org/stats/players/17306/degster,"Espada,Spirit,Spirit",686,18284,3363,1.31,1.19,14351,https://img-cdn.hltv.org/playerbodyshot/bH3qqskLH4cnxmLeg6TgM2.png?ixlib=java-2.1.0&w=400&s=4b76b083099c566cf3d8098e958da619
dumau,Brazil,https://www.hltv.org/stats/players/15698/dumau,"GODSENT,Yeah",467,12363,1462,1.19,1.11,9180,https://img-cdn.hltv.org/playerbodyshot/KlHewq8Qis8AjzLb50QP_4.png?ixlib=java-2.1.0&w=400&s=0f2edc3e219971191fbf96b3b308096d
TenZ,Canada,https://www.hltv.org/stats/players/13254/tenz,"Bad News Bears,ATK",401,10399,839,1.12,1.10,7931,https://img-cdn.hltv.org/playerbodyshot/BGte6-_L0HAGjjiDQkVEnD.png?ixlib=java-2.1.0&w=400&s=83b9b4ae4b0e15ecd23a4a8faf8ee3d3
Ax1Le,Russia,https://www.hltv.org/stats/players/16555/ax1le,"Gambit Youngsters,Gambit",951,25216,2551,1.16,1.10,18361,https://img-cdn.hltv.org/playerbodyshot/bm95B2mKVEWVyn0Ndk42pP.png?ixlib=java-2.1.0&w=400&s=a89edca0ff90d76a270097c032aaba4d
saffee,Brazil,https://www.hltv.org/stats/players/18835/saffee,"FURIA,paiN,paiN",395,10445,1938,1.30,1.20,8298,https://img-cdn.hltv.org/playerbodyshot/oHD99ACgaCH8jpvcyTdKvx.png?ixlib=java-2.1.0&w=400&s=b67b6a8b99354e03051fbf701f88e606
dgt,Uruguay,https://www.hltv.org/stats/players/14736/dgt,9z,417,11041,1350,1.20,1.11,8127,https://img-cdn.hltv.org/playerbodyshot/JkVhOh48tRTgN6W5A1-bHM.png?ixlib=java-2.1.0&w=400&s=1cc60072f41f94d2e94bbb646dded8c4
Cooper,United States,https://www.hltv.org/stats/players/15007/cooper,"Swole Patrol,eUnited,Triumph",771,19991,2006,1.16,1.09,14703,https://img-cdn.hltv.org/playerbodyshot/EfOyIdnxoYVrwZvSAW3sFY.png?ixlib=java-2.1.0&w=400&s=980c80c39b0ccada4d30c2e66b5350fd
poizon,Bulgaria,https://www.hltv.org/stats/players/12126/poizon,"Complexity,Complexity,Windigo,Bpro",1101,29160,2855,1.15,1.10,21485,https://img-cdn.hltv.org/playerbodyshot/N7NdU6fO3tG4gplyX-8aIi.png?ixlib=java-2.1.0&w=400&s=b2cfdaeff19d762e206c763979458b53
dream3r,Bulgaria,https://www.hltv.org/stats/players/8412/dream3r,"SKADE,E-frag.net,Fiend",1277,33474,4219,1.20,1.11,24815,https://img-cdn.hltv.org/playerbodyshot/GLWdeoKbrK4zzXlEkLsaaG.png?ixlib=java-2.1.0&w=400&s=85b4a21faf5b3bbf4acbd22b2046120f
BnTeT,Indonesia,https://www.hltv.org/stats/players/7131/bntet,"TYLOO,Gen.G,Gen.G,EXTREMUM",1032,26897,3794,1.23,1.15,20572,https://img-cdn.hltv.org/playerbodyshot/Jd7PAn8LUNPZeHvJdeAPJv.png?ixlib=java-2.1.0&w=400&s=1bc0080f1f3b7ea6c6d0ec6b73b31a87
s1mple,Ukraine,https://www.hltv.org/stats/players/7998/s1mple,Natus Vincere,1556,41083,9004,1.34,1.25,35169,https://img-cdn.hltv.org/playerbodyshot/Q2u6AgnDNYQ3dyObwN4JBX.png?ixlib=java-2.1.0&w=400&s=5e19fa63867872bd78409f6e757ff6c3
coldzera,Brazil,https://www.hltv.org/stats/players/9216/coldzera,"SK,FaZe,Luminosity,MIBR,MIBR",1420,37074,5649,1.25,1.15,28470,https://img-cdn.hltv.org/playerbodyshot/cEWGq6uF0bUhUxfakQNcXm.png?ixlib=java-2.1.0&w=400&s=98bc0982aa9606bae323f4e38cada131
blameF,Denmark,https://www.hltv.org/stats/players/15165/blamef,"Astralis,Complexity,Complexity,Heroic,Heroic,Epsilon",873,23334,3676,1.26,1.15,17819,https://img-cdn.hltv.org/playerbodyshot/hUxKccHOmYqdTM6V4icoL5.png?ixlib=java-2.1.0&w=400&s=8cc73dfdc90a27a4bbb63efa8b8b53b1
electroNic,Russia,https://www.hltv.org/stats/players/8918/electronic,"Natus Vincere,FlipSid3",1303,34371,3077,1.14,1.09,25632,https://img-cdn.hltv.org/playerbodyshot/BugxKUSuXiyJVpK4P27Ys1.png?ixlib=java-2.1.0&w=400&s=df57dc790d42aa3c5f8d9c8cd9ffb1cc
XANTARES,Turkey,https://www.hltv.org/stats/players/7938/xantares,"Eternal Fire,Space Soldiers,BIG,BIG",1772,46706,6256,1.20,1.17,37879,https://img-cdn.hltv.org/playerbodyshot/VL-Iz2KPu5lQJVshz-vuzP.png?ixlib=java-2.1.0&w=400&s=03b62628c8cacfdd0b788f977a18672c
Kaze,Malaysia,https://www.hltv.org/stats/players/8950/kaze,"ViCi,Flash,MVP.karnal",855,22362,4236,1.32,1.19,17503,https://img-cdn.hltv.org/playerbodyshot/GpPHNhH7E0Kz25mwlSdfM8.png?ixlib=java-2.1.0&w=400&s=4351455dcef5b8e9743c9d4e1412bdfb
liTTle,Russia,https://www.hltv.org/stats/players/1088/little,"forZe,RuSh3D,Spartak,Enso",458,12159,1550,1.20,1.12,9317,
swag,United States,https://www.hltv.org/stats/players/5021/swag,"Swole Patrol,Torqued,iBUYPOWER,Lazarus",556,14447,1629,1.18,1.10,10527,https://img-cdn.hltv.org/playerbodyshot/4o1Je4itCj0J3W4A4O13ON.png?ixlib=java-2.1.0&w=400&s=c213e959cd0cb8070afcc78b126a3b15
ekul,Australia,https://www.hltv.org/stats/players/14505/ekul,"Paradox,SYF",449,11608,1003,1.13,1.10,8845,
deko,Russia,https://www.hltv.org/stats/players/20113/deko,1WIN,404,10913,2341,1.37,1.21,8738,https://img-cdn.hltv.org/playerbodyshot/0Wk9DiHhr9sJedFGO62w8B.png?ixlib=java-2.1.0&w=400&s=746f4d2c896de1f80b9834361488b9af
ryx,United States,https://www.hltv.org/stats/players/9042/ryx,"Echo Fox,Splyce,Ghost,Dignitas,Tempo Storm,Conquest",491,12856,1181,1.14,1.09,9797,https://img-cdn.hltv.org/playerbodyshot/p1kKGaz9WiiUmFwEYULIC6.png?ixlib=java-2.1.0&w=400&s=800cc1b63f4237d05f2b90325f9bf39c
Jamppi,Finland,https://www.hltv.org/stats/players/14087/jamppi,"SJ,ENCE",503,13449,1408,1.16,1.12,10302,https://img-cdn.hltv.org/playerbodyshot/Gl2bxAacJ0Eb7DDIov8T78.png?ixlib=java-2.1.0&w=400&s=424f0dcfa6b467de38d27d91ddd15bf7
gas,China,https://www.hltv.org/stats/players/10722/gas,"Wings Up,Wings Up,LGD,EDG,Aster",446,11650,718,1.09,1.09,9067,
SENSEi,Ukraine,https://www.hltv.org/stats/players/18227/sensei,"CR4ZY,Project X,Akuma,Run or Die",450,11919,2237,1.34,1.16,8879,https://img-cdn.hltv.org/playerbodyshot/YPL6OPSR5R_XacuAmRWSSD.png?ixlib=java-2.1.0&w=400&s=9274bbaff520edf912c77fefc313116f
hades,Poland,https://www.hltv.org/stats/players/16848/hades,"ENCE,Wisla Krakow",597,16027,1723,1.17,1.09,11717,https://img-cdn.hltv.org/playerbodyshot/sbpsxrTN2eyGXgVMzSJD2x.png?ixlib=java-2.1.0&w=400&s=530494b20440b5e3e81287477982ff9f
h4rn,Bulgaria,https://www.hltv.org/stats/players/20097/h4rn,"FATE,Fiend",559,14916,1759,1.19,1.10,10783,https://img-cdn.hltv.org/playerbodyshot/OL5e4bb1XOdlIRTJSjfB9i.png?ixlib=java-2.1.0&w=400&s=c4cc3b57633ba35ffd94047bb8057ae7
nython,Brazil,https://www.hltv.org/stats/players/18743/nython,"paiN,paiN,RED Canids,Paquet√°",524,13953,1416,1.16,1.10,10480,https://img-cdn.hltv.org/playerbodyshot/HXRN7yuv7TVMIBHkrJ5t7m.png?ixlib=java-2.1.0&w=400&s=132e949e02111f3c1e3b417a954e9b4f
Texta,Australia,https://www.hltv.org/stats/players/11847/texta,"Chiefs,Athletico,Dark Sided",625,15713,1750,1.16,1.13,12510,https://img-cdn.hltv.org/playerbodyshot/N_5EbyJaiPIdYHiQFpfbw1.png?ixlib=java-2.1.0&w=400&s=ccc7a7d24fd29f44e24a564ebc489dca
PTC,Thailand,https://www.hltv.org/stats/players/13238/ptc,"Lucid Dream,5POWER",476,12393,1408,1.18,1.11,9304,https://img-cdn.hltv.org/playerbodyshot/hE-EkdEQ2RMtl7mAH0zdzW.png?ixlib=java-2.1.0&w=400&s=2b85e89a9a26ef3b4ce86b29b97aaddb
wrath,United States,https://www.hltv.org/stats/players/9884/wrath,"New Identity,Secret Club,BlackOut",525,13568,1239,1.13,1.12,10634,https://img-cdn.hltv.org/playerbodyshot/CFzxzODWHtScto60evJ2Gx.png?ixlib=java-2.1.0&w=400&s=e452a80c49237c2ab1488b5ff37b0b31
chelleos,New Zealand,https://www.hltv.org/stats/players/12877/chelleos,"Rooster,madlikewizards,Paradox",560,14454,1452,1.15,1.12,11270,/img/static/player/player_silhouette.png
BL1TZ,Australia,https://www.hltv.org/stats/players/12715/bl1tz,"Chiefs,Legacy,AVANT,Funky Monkeys",732,18819,1628,1.13,1.09,13957,
Olivia,Thailand,https://www.hltv.org/stats/players/10664/olivia,"Beyond,Alpha Red,Signature",634,16189,1565,1.15,1.10,12279,https://img-cdn.hltv.org/playerbodyshot/Tz92JshUxHNM25U0ITZz02.png?ixlib=java-2.1.0&w=400&s=cbda51078e2ccc4de66349c6c754b936
mhL,Poland,https://www.hltv.org/stats/players/16847/mhl,"MOUZ NXT,AGO",493,13259,1716,1.20,1.13,10132,https://img-cdn.hltv.org/playerbodyshot/yEMKq108EMk3C8o6q6SWyO.png?ixlib=java-2.1.0&w=400&s=8e6429aa9a208ac4295d62a974e6e976
Spinx,Israel,https://www.hltv.org/stats/players/18221/spinx,"ENCE,c0ntact",437,11602,1031,1.14,1.09,8563,https://img-cdn.hltv.org/playerbodyshot/X683eXXQvYsjKjWqlQofhA.png?ixlib=java-2.1.0&w=400&s=7ab925c82380e05b135733719706d38d
WARDELL,Canada,https://www.hltv.org/stats/players/11264/wardell,"Ghost,Bee's Money Crew,Orgless",609,15901,1648,1.17,1.10,11627,https://img-cdn.hltv.org/playerbodyshot/2fUdSWN6AxFJCJ4kZu53oh.png?ixlib=java-2.1.0&w=400&s=22b5e89a22b03c59296a49f747ad6a1d
biguzera,Brazil,https://www.hltv.org/stats/players/18141/biguzera,"paiN,paiN",622,16530,1597,1.15,1.09,12001,https://img-cdn.hltv.org/playerbodyshot/t9zs4p8ogm4_XnJspBgsbr.png?ixlib=java-2.1.0&w=400&s=1b60b6e195aff20eb41d3e1892b69489
Freeman,Hong Kong,https://www.hltv.org/stats/players/10774/freeman,"ViCi,TYLOO",754,19211,2195,1.18,1.12,14570,https://img-cdn.hltv.org/playerbodyshot/JDiRLLJmDGOrfHZ79CwqUr.png?ixlib=java-2.1.0&w=400&s=3d30a575cdd8e330b8b6c0ab4630e3ed
nawwk,Sweden,https://www.hltv.org/stats/players/13670/nawwk,"Apeks,Apeks,GamerLegion,NIP,NIP,x6tence Galaxy",891,23778,2818,1.19,1.10,17474,https://img-cdn.hltv.org/playerbodyshot/vjYgJKIKRnQY70HbosJgEF.png?ixlib=java-2.1.0&w=400&s=cf4918a922f955c7c83b00b26eca5d38
Benkai,Singapore,https://www.hltv.org/stats/players/8944/benkai,"BOOT-d[S],BOOT,dream[S]cape",603,15560,2046,1.20,1.14,12164,https://img-cdn.hltv.org/playerbodyshot/qSZyu2Ljcgo9mkcvNAK0K0.png?ixlib=java-2.1.0&w=400&s=00a083dde5ab021f6b820cd628cb1d75
moose,Canada,https://www.hltv.org/stats/players/12271/moose,"eUnited,Rise Nation",752,19559,1975,1.16,1.10,14503,https://img-cdn.hltv.org/playerbodyshot/dC-U6TCRKZVyfkX-Ylw-bo.png?ixlib=java-2.1.0&w=400&s=38f1a7a451eaa22d5f427d78dd9b962d
XigN,Korea,https://www.hltv.org/stats/players/9172/xign,"NKT,MVP PK,MVP Project",717,18574,2439,1.20,1.15,14568,https://img-cdn.hltv.org/playerbodyshot/MWvHGpZHgQIgeKNUNyWSVD.png?ixlib=java-2.1.0&w=400&s=dc51d98f28015b2fb04e5291974a76be
Farlig,Denmark,https://www.hltv.org/stats/players/13300/farlig,"Astralis,Copenhagen Flames,FunPlus Phoenix,GODSENT",720,19210,1826,1.15,1.09,13882,https://img-cdn.hltv.org/playerbodyshot/Y1qxi0zo88ql7FtsZY_yFX.png?ixlib=java-2.1.0&w=400&s=7d539ca896de34044ad59e10947099ad
kNgV-,Brazil,https://www.hltv.org/stats/players/5736/kngv,"MIBR,MIBR,INTZ",827,21606,2406,1.17,1.12,16548,https://img-cdn.hltv.org/playerbodyshot/0QN4dPlrXj8WkBGaq_KKs_.png?ixlib=java-2.1.0&w=400&s=e39f72579b3b1ce61a5f754f0abf8d6f
mixwell,Spain,https://www.hltv.org/stats/players/8370/mixwell,"OpTic,Movistar Riders",840,21804,1911,1.13,1.09,16275,https://img-cdn.hltv.org/playerbodyshot/TFAU5GadOux7ZMV8XCTQwY.png?ixlib=java-2.1.0&w=400&s=8ff7347bb305f218b9cfed4999e2b6f0
NEOFRAG,Czech Republic,https://www.hltv.org/stats/players/15821/neofrag,SINNERS,676,18080,1535,1.13,1.11,13707,https://img-cdn.hltv.org/playerbodyshot/PQCpp987_P7WxvynPc9zH_.png?ixlib=java-2.1.0&w=400&s=e8a6861bdbf17dc89d821948da06739f
mir,Russia,https://www.hltv.org/stats/players/8789/mir,"Spirit,Spirit,Vega Squadron,Gambit",1001,26240,2600,1.15,1.10,19868,https://img-cdn.hltv.org/playerbodyshot/Kx7DA8F5lpoWVpark7gBOK.png?ixlib=java-2.1.0&w=400&s=4618ab141f173c429765d29316163e75
splashske,Singapore,https://www.hltv.org/stats/players/8943/splashske,"BOOT-d[S],HZ,BOOT,dream[S]cape",722,18651,1811,1.15,1.11,14145,https://img-cdn.hltv.org/playerbodyshot/9umKzdSU3QuKGhYH8t7BBv.png?ixlib=java-2.1.0&w=400&s=76ce0be4b3bbcaa294756792458828ce
mantuu,Poland,https://www.hltv.org/stats/players/10981/mantuu,"OG,ALTERNATE aTTaX,PANTHERS",696,18646,2374,1.21,1.12,13904,https://img-cdn.hltv.org/playerbodyshot/cCle-uOSNbni4wPlZvMDoo.png?ixlib=java-2.1.0&w=400&s=b5017119e07b6cc8de828559146ea5a6
Sonic,South Africa,https://www.hltv.org/stats/players/8711/sonic,"Bravado,Extra Salt,Cloud9",940,24238,2217,1.14,1.09,17758,https://img-cdn.hltv.org/playerbodyshot/YrlM5FoCrwjJlRIpiITCXV.png?ixlib=java-2.1.0&w=400&s=9b45b6f56591162de89cd410912e277d
zorte,Russia,https://www.hltv.org/stats/players/15662/zorte,"forZe,Unique,Unique",733,19569,2395,1.20,1.11,14260,https://img-cdn.hltv.org/playerbodyshot/dHdSUQSZf7PKOTZ-C15csw.png?ixlib=java-2.1.0&w=400&s=82271b93428def0bf60a1e747b332da1
HEN1,Brazil,https://www.hltv.org/stats/players/8565/hen1,"Immortals,FURIA,Luminosity",1101,28598,3548,1.21,1.10,20188,https://img-cdn.hltv.org/playerbodyshot/Fpqf9U811vPu2k3mqdwzGN.png?ixlib=java-2.1.0&w=400&s=d9398cb1d4482787eceaa14471724a24
oSee,United States,https://www.hltv.org/stats/players/13249/osee,"Extra Salt,Singularity,Cloud9",1090,28281,3348,1.19,1.11,21020,https://img-cdn.hltv.org/playerbodyshot/Bq-o0nulU4G2xOGoLp5AfH.png?ixlib=java-2.1.0&w=400&s=e11427343924455fd4c5ce888f32f521
erkaSt,Mongolia,https://www.hltv.org/stats/players/11141/erkast,"Grayhound,TIGER,Immunity",859,22286,2504,1.17,1.12,17206,https://img-cdn.hltv.org/playerbodyshot/YmUCbh94rjdPEgTimOBpzq.png?ixlib=java-2.1.0&w=400&s=f1479d1092df40896b9041c92f07e34e
mertz,Denmark,https://www.hltv.org/stats/players/9895/mertz,"North Academy,Heroic,Heroic,North,North,Nordavind,Singularity",955,25333,2594,1.16,1.10,19077,https://img-cdn.hltv.org/playerbodyshot/LAuIUaxn74VppmmRLQf17p.png?ixlib=java-2.1.0&w=400&s=8fb8a2efc8838baf3da5b1538ca7d933
JUGi,Denmark,https://www.hltv.org/stats/players/8783/jugi,"Heroic,Heroic,OpTic,Tricked,North,North",940,24427,2676,1.18,1.09,17527,https://img-cdn.hltv.org/playerbodyshot/OmmAGT5fCBKZD3mD1IIs5b.png?ixlib=java-2.1.0&w=400&s=a149b847c778a8f5e8f9826b0da15dc9
ropz,Estonia,https://www.hltv.org/stats/players/11816/ropz,MOUZ,1136,30046,3748,1.20,1.12,22250,https://img-cdn.hltv.org/playerbodyshot/l_IS_AAkos3MIvUkU6p4qP.png?ixlib=java-2.1.0&w=400&s=374f67d6607b5a62de3198207477b06a
smooya,United Kingdom,https://www.hltv.org/stats/players/11271/smooya,"BIG,BIG,Movistar Riders,Epsilon",888,23515,3849,1.26,1.18,18466,https://img-cdn.hltv.org/playerbodyshot/Xpddy-1k98gMLvnk6ELHsH.png?ixlib=java-2.1.0&w=400&s=f383a1614102e56bde1323e32357aaf3
ottoNd,Finland,https://www.hltv.org/stats/players/11283/ottond,"HAVU,Valiance,CR4ZY,c0ntact",855,22591,2642,1.19,1.11,16712,https://img-cdn.hltv.org/playerbodyshot/1E3a_GqYtgQ5ClctFID0dm.png?ixlib=java-2.1.0&w=400&s=9e72d4e941bc97ec03faaa2b2b11a8e9
INS,Australia,https://www.hltv.org/stats/players/11140/ins,"ORDER,ORDER,Renegades,Chiefs,Tainted Minds",946,23988,2611,1.17,1.12,18179,https://img-cdn.hltv.org/playerbodyshot/O6qr_DKB8u19ZcUrWAGuO_.png?ixlib=java-2.1.0&w=400&s=58e31d77f080930474e9babc31a200a5
xccurate,Indonesia,https://www.hltv.org/stats/players/10263/xccurate,"TYLOO,Recca,BTRG,NKT",698,18113,1724,1.15,1.09,13334,https://img-cdn.hltv.org/playerbodyshot/7N3g-XZZaY3IMZBjEgEqX6.png?ixlib=java-2.1.0&w=400&s=6db81590b24589a85f91770367ec46bc
zehN,Finland,https://www.hltv.org/stats/players/1378/zehn,"GODSENT,HAVU,PENTA,PENTA,FunPlus Phoenix",1073,28305,2384,1.13,1.09,20665,https://img-cdn.hltv.org/playerbodyshot/U4OQ_kLcONFWc9xnohIgVV.png?ixlib=java-2.1.0&w=400&s=0b5cb18e5918fd47742bdd00c7e65d84
dennyslaw,Bulgaria,https://www.hltv.org/stats/players/13466/dennyslaw,SKADE,1167,31434,2913,1.15,1.09,22961,https://img-cdn.hltv.org/playerbodyshot/CRBLjKcLl0j5TBPJx6_Dbx.png?ixlib=java-2.1.0&w=400&s=4e2e9a78767b07a54b5ccc8c5aabb8f6
Jame,Russia,https://www.hltv.org/stats/players/13776/jame,"AVANGAR,Virtus.pro",1185,31418,5283,1.31,1.13,22540,https://img-cdn.hltv.org/playerbodyshot/7EC4tcVjT9lW-UTBtHIZm-.png?ixlib=java-2.1.0&w=400&s=ccf790b8f2b224e230e1cc6ebf655c50
El1an,Russia,https://www.hltv.org/stats/players/13281/el1an,"Entropiq,Winstrike,EPG",1290,34420,4748,1.22,1.13,25874,https://img-cdn.hltv.org/playerbodyshot/Vm3vJyQWHRMNT49g47QwJ4.png?ixlib=java-2.1.0&w=400&s=adada0d36e05c9ba308a97e12db07682
sterling,New Zealand,https://www.hltv.org/stats/players/12591/sterling,"AVANT,Looking For Org,Dire Wolves",852,21806,3930,1.30,1.17,16909,https://img-cdn.hltv.org/playerbodyshot/Rg6dzOmjJoGVL8yKT6k_Hb.png?ixlib=java-2.1.0&w=400&s=4c9912cb9efef4bd677fbd288163f647
PwnAlone,United States,https://www.hltv.org/stats/players/15090/pwnalone,"Party Astronauts,New England Whalers,High Coast",909,23690,2239,1.15,1.09,17229,https://img-cdn.hltv.org/playerbodyshot/TeH-BHH0VU-B_Za0ODMdNo.png?ixlib=java-2.1.0&w=400&s=ebaad1b9887b147671fd71b507ffe4c0
CeRq,Bulgaria,https://www.hltv.org/stats/players/11219/cerq,"Evil Geniuses,Evil Geniuses,NRG,Outlaws",1199,31114,3425,1.18,1.10,22812,https://img-cdn.hltv.org/playerbodyshot/ZNhhZdN40a8dKGyKIQacI0.png?ixlib=java-2.1.0&w=400&s=6c29d2ae5d85a4858070b06ddf6012e2
XELLOW,Romania,https://www.hltv.org/stats/players/9626/xellow,Nexus,1097,28850,3371,1.18,1.13,22423,https://img-cdn.hltv.org/playerbodyshot/QDHUPKNhffa4zfjtIPmCkY.png?ixlib=java-2.1.0&w=400&s=e1e5ee0c24621d13762bb54ba31e26fe
Infinite,United States,https://www.hltv.org/stats/players/14619/infinite,Party Astronauts,822,21420,2009,1.14,1.10,15972,https://img-cdn.hltv.org/playerbodyshot/jSn7QmUzK_tBlBxYkymzeq.png?ixlib=java-2.1.0&w=400&s=12409ea1bcb46c1e0ccbfb7548d16ae4
xsepower,Russia,https://www.hltv.org/stats/players/12733/xsepower,"K23,K23,forZe",1249,33554,4599,1.24,1.11,24148,https://img-cdn.hltv.org/playerbodyshot/rJA5OfW5xayP3nKMdfb1Zb.png?ixlib=java-2.1.0&w=400&s=706f83bf70f994d7fece2336b0daf7a6
Sico,New Zealand,https://www.hltv.org/stats/players/9102/sico,"ORDER,ORDER,Renegades,Grayhound,Kings",902,22858,3751,1.28,1.15,17188,https://img-cdn.hltv.org/playerbodyshot/PJZdjeC6LQGbPR6cHqNrb6.png?ixlib=java-2.1.0&w=400&s=a4b19d57811bb0c3c15a7fb66d9cd94e
woxic,Turkey,https://www.hltv.org/stats/players/8574/woxic,"Eternal Fire,HellRaisers,MOUZ,DarkPassage",1178,30952,3868,1.20,1.12,22815,https://img-cdn.hltv.org/playerbodyshot/PbpkMaF76yfEyILpPDP9wC.png?ixlib=java-2.1.0&w=400&s=ae611b4538afcc88dd81270fe23fefa2
frozen,Slovakia,https://www.hltv.org/stats/players/9960/frozen,"MOUZ,eXtatus",1203,31473,3520,1.17,1.12,23866,https://img-cdn.hltv.org/playerbodyshot/UFoUkMCn8TMm5cUJHScvjA.png?ixlib=java-2.1.0&w=400&s=8d85e3f407166d42213e17db078c3c9f
aliStair,Australia,https://www.hltv.org/stats/players/11139/alistair,"ORDER,ORDER,Chiefs,Renegades",1057,26844,2814,1.17,1.10,19564,https://img-cdn.hltv.org/playerbodyshot/n3WiOubOKl9F-wrsP_Et6v.png?ixlib=java-2.1.0&w=400&s=9e3b08bf3fa664c275b51839b23a8ba7
lollipop21k,Belarus,https://www.hltv.org/stats/players/13980/lollipop21k,"Nemiga,GoodJob",1173,31360,2493,1.12,1.09,23585,https://img-cdn.hltv.org/playerbodyshot/sDxyrsx22mUJ9MfC1Xmh5W.png?ixlib=java-2.1.0&w=400&s=2f3d1f82559726dc97ce717f6136d4f4
Twistzz,Canada,https://www.hltv.org/stats/players/10394/twistzz,"FaZe,Liquid",1381,36270,3988,1.18,1.11,26551,https://img-cdn.hltv.org/playerbodyshot/3W2WeF7zohMOjpjxGpurGG.png?ixlib=java-2.1.0&w=400&s=b81a58560cecf792aa16f0ee08f82ee4
oskar,Czech Republic,https://www.hltv.org/stats/players/798/oskar,"MOUZ,SINNERS,HellRaisers",1458,38450,4848,1.20,1.13,29326,https://img-cdn.hltv.org/playerbodyshot/mjBxt791pOK0oZJT3iLjsM.png?ixlib=java-2.1.0&w=400&s=39048c81712640125f5fab6746f24403
Brehze,United States,https://www.hltv.org/stats/players/9136/brehze,"Evil Geniuses,Evil Geniuses,NRG",1164,30296,2781,1.14,1.10,23029,https://img-cdn.hltv.org/playerbodyshot/ZgIAHIK_75UTo9kgY1G-lU.png?ixlib=java-2.1.0&w=400&s=055eab0b6739e3d91bdb450703c682c9
huNter-,Bosnia and Herzegovina,https://www.hltv.org/stats/players/3972/hunter,"G2,Valiance,Binary Dragons",1467,38757,4204,1.16,1.12,30002,https://img-cdn.hltv.org/playerbodyshot/Gt-t5B9h3GI2DMgqbs5t7V.png?ixlib=java-2.1.0&w=400&s=fb8ca1ae044a1e8d3702c9ab2e8af4fe
FREDDyFROG,Sweden,https://www.hltv.org/stats/players/9277/freddyfrog,"Chaos,Red Reserve,Apeks,Apeks,Japaleno,Galaxy Racer",1207,32156,3616,1.18,1.11,23743,
ZOREE,Finland,https://www.hltv.org/stats/players/8576/zoree,"HAVU,iGame.com,SJ",1661,44157,4430,1.16,1.09,31855,https://img-cdn.hltv.org/playerbodyshot/DYVJOqYIRm_i7-piaDzDJN.png?ixlib=java-2.1.0&w=400&s=d5f526e7e94d2073df9607a1c6c94ed6
Calyx,Turkey,https://www.hltv.org/stats/players/8575/calyx,"Space Soldiers,Eternal Fire,DarkPassage",1113,29124,2848,1.16,1.09,21198,https://img-cdn.hltv.org/playerbodyshot/LANeA2WzWdhUHUbsxVsVO6.png?ixlib=java-2.1.0&w=400&s=4bf7d73562ba75ad6d8eba80aae32140
ScreaM,Belgium,https://www.hltv.org/stats/players/7390/scream,"Envy,G2,Titan,VeryGames",1430,37087,3105,1.13,1.09,27501,https://img-cdn.hltv.org/playerbodyshot/N1faCY2NjTEOOAs5swFC-w.png?ixlib=java-2.1.0&w=400&s=aac082a0ad9be15ea1ed2775a869c5be
NiKo,Bosnia and Herzegovina,https://www.hltv.org/stats/players/3741/niko,"G2,FaZe,MOUZ",1630,43336,5547,1.19,1.16,34507,https://img-cdn.hltv.org/playerbodyshot/JDxiCoK-7_ZeBNCLNiSvFX.png?ixlib=java-2.1.0&w=400&s=d3ec14d8bad0ce37f4db73f1a82af92f
allu,Finland,https://www.hltv.org/stats/players/695/allu,"ENCE,NIP,NIP,FaZe",1615,42334,4329,1.16,1.09,31366,https://img-cdn.hltv.org/playerbodyshot/5kX6vHZyET7WnPT9VZeje_.png?ixlib=java-2.1.0&w=400&s=56a5d8dddad10a14e913a4ac9fff2363
GuardiaN,Slovakia,https://www.hltv.org/stats/players/2757/guardian,"Natus Vincere,FaZe",1578,41357,4761,1.18,1.11,30535,https://img-cdn.hltv.org/playerbodyshot/yAqXqbDzYSFWZUNvMhdI07.png?ixlib=java-2.1.0&w=400&s=ad758e9a7138ef56ca6cd71dbccb90c0
NAF,Canada,https://www.hltv.org/stats/players/8520/naf,"Liquid,OpTic",1562,40965,4004,1.16,1.09,29808,https://img-cdn.hltv.org/playerbodyshot/MDAqvdYwLcEdZ6E7qO7HRf.png?ixlib=java-2.1.0&w=400&s=dc7dde86301365f164cc64ac37251461
kennyS,France,https://www.hltv.org/stats/players/7167/kennys,"G2,Envy,Titan",1852,48898,6331,1.21,1.13,37067,https://img-cdn.hltv.org/playerbodyshot/axSL5Ohh0Eew7VWavcPXsH.png?ixlib=java-2.1.0&w=400&s=c2910e9af97003c626b432d892b80d68
GeT_RiGhT,Sweden,https://www.hltv.org/stats/players/39/get-right,"NIP,NIP",1745,45030,4298,1.15,1.09,33271,https://img-cdn.hltv.org/playerbodyshot/tOUnhieNSc0wvyCqMRVoZ1.png?ixlib=java-2.1.0&w=400&s=292eef3d2f09e8d2fb480ab3ea375c29
device,Denmark,https://www.hltv.org/stats/players/7592/device,"Astralis,TSM",1793,46666,7208,1.25,1.16,36293,https://img-cdn.hltv.org/playerbodyshot/e-VpY--MZr_3XFDmj8DBd6.png?ixlib=java-2.1.0&w=400&s=f659f480569596b71f8c7d6fffc27ad7
f0rest,Sweden,https://www.hltv.org/stats/players/29/f0rest,"NIP,NIP,Dignitas",2089,54327,5648,1.16,1.10,40979,https://img-cdn.hltv.org/playerbodyshot/syd1Gs0h76WSpEmdC_OpBD.png?ixlib=java-2.1.0&w=400&s=ebe0a0e8c75fe6495099903713f8e61b
